_id,Rainfall_mm,Year,Month_String,Month
1,40.4258,1901,January,1
2,12.3022,1901,February,2
3,25.5119,1901,March,3
4,14.2942,1901,April,4
5,38.3046,1901,May,5
6,12.8813,1901,June,6
7,68.093,1901,July,7
8,16.5836,1901,August,8
9,13.3391,1901,September,9
10,3.10757,1901,October,10
11,0.21419,1901,November,11
12,3.27559,1901,December,12
13,2.31336,1902,January,1
14,3.17559,1902,February,2
15,13.3201,1902,March,3
16,16.6064,1902,April,4
17,17.0574,1902,May,5
18,19.3449,1902,June,6
19,25.7954,1902,July,7
20,34.1203,1902,August,8
21,17.5,1902,September,9
22,7.08495,1902,October,10
23,14.5744,1902,November,11
24,4.73243,1902,December,12
25,22.6658,1903,January,1
26,10.2447,1903,February,2
27,40.695,1903,March,3
28,12.3373,1903,April,4
29,35.182,1903,May,5
30,7.95537,1903,June,6
31,75.6535,1903,July,7
32,34.1329,1903,August,8
33,24.1921,1903,September,9
34,1.82323,1903,October,10
35,1.2238,1903,November,11
36,10.0793,1903,December,12
37,61.2916,1904,January,1
38,10.9565,1904,February,2
39,68.4706,1904,March,3
40,10.8674,1904,April,4
41,9.80757,1904,May,5
42,6.63728,1904,June,6
43,22.9002,1904,July,7
44,26.1663,1904,August,8
45,17.5644,1904,September,9
46,8.62059,1904,October,10
47,12.2084,1904,November,11
48,6.44073,1904,December,12
49,53.5866,1905,January,1
50,37.0232,1905,February,2
51,41.1089,1905,March,3
52,14.3762,1905,April,4
53,12.9388,1905,May,5
54,7.47864,1905,June,6
55,17.6693,1905,July,7
56,8.42186,1905,August,8
57,36.4692,1905,September,9
58,2.22197,1905,October,10
59,0.23152,1905,November,11
60,27.6909,1905,December,12
61,7.44133,1906,January,1
62,78.1301,1906,February,2
63,37.7996,1906,March,3
64,11.4353,1906,April,4
65,19.8325,1906,May,5
66,12.6819,1906,June,6
67,25.2715,1906,July,7
68,44.5472,1906,August,8
69,28.7101,1906,September,9
70,2.93003,1906,October,10
71,0.2753,1906,November,11
72,11.1771,1906,December,12
73,18.81,1907,January,1
74,38.2396,1907,February,2
75,29.2855,1907,March,3
76,36.3981,1907,April,4
77,4.75605,1907,May,5
78,33.4921,1907,June,6
79,33.0677,1907,July,7
80,54.822,1907,August,8
81,2.99025,1907,September,9
82,2.88652,1907,October,10
83,0.88287,1907,November,11
84,2.76253,1907,December,12
85,40.6442,1908,January,1
86,17.759,1908,February,2
87,13.8815,1908,March,3
88,60.2271,1908,April,4
89,15.155,1908,May,5
90,10.8517,1908,June,6
91,100.309,1908,July,7
92,90.0436,1908,August,8
93,27.5185,1908,September,9
94,2.64982,1908,October,10
95,0.30752,1908,November,11
96,19.4151,1908,December,12
97,22.0417,1909,January,1
98,34.5044,1909,February,2
99,17.239,1909,March,3
100,49.3441,1909,April,4
101,5.69387,1909,May,5
102,25.5863,1909,June,6
103,110.821,1909,July,7
104,27.676,1909,August,8
105,35.4963,1909,September,9
106,3.77207,1909,October,10
107,2.09046,1909,November,11
108,39.1434,1909,December,12
109,48.6834,1910,January,1
110,10.0486,1910,February,2
111,12.8771,1910,March,3
112,28.8651,1910,April,4
113,8.65424,1910,May,5
114,33.9063,1910,June,6
115,73.1194,1910,July,7
116,83.1,1910,August,8
117,4.58992,1910,September,9
118,1.80884,1910,October,10
119,0.18159,1910,November,11
120,7.09619,1910,December,12
121,62.1624,1911,January,1
122,13.6268,1911,February,2
123,63.2829,1911,March,3
124,13.1245,1911,April,4
125,11.5385,1911,May,5
126,8.98892,1911,June,6
127,8.07602,1911,July,7
128,14.2183,1911,August,8
129,9.62532,1911,September,9
130,5.47875,1911,October,10
131,9.19291,1911,November,11
132,11.3108,1911,December,12
133,49.9539,1912,January,1
134,17.0454,1912,February,2
135,7.75363,1912,March,3
136,25.0325,1912,April,4
137,21.5984,1912,May,5
138,13.9635,1912,June,6
139,41.5568,1912,July,7
140,50.7721,1912,August,8
141,8.37116,1912,September,9
142,2.50569,1912,October,10
143,2.01322,1912,November,11
144,22.5349,1912,December,12
145,13.1557,1913,January,1
146,31.3535,1913,February,2
147,27.0575,1913,March,3
148,18.966,1913,April,4
149,12.7484,1913,May,5
150,26.7758,1913,June,6
151,43.3387,1913,July,7
152,52.2582,1913,August,8
153,29.0657,1913,September,9
154,3.23762,1913,October,10
155,4.07875,1913,November,11
156,25.6171,1913,December,12
157,23.0338,1914,January,1
158,44.1405,1914,February,2
159,21.0917,1914,March,3
160,44.5625,1914,April,4
161,11.9432,1914,May,5
162,34.2121,1914,June,6
163,110.802,1914,July,7
164,25.4436,1914,August,8
165,34.385,1914,September,9
166,24.642,1914,October,10
167,9.71607,1914,November,11
168,10.0941,1914,December,12
169,4.79381,1915,January,1
170,35.6388,1915,February,2
171,26.8453,1915,March,3
172,53.0118,1915,April,4
173,4.94112,1915,May,5
174,12.8614,1915,June,6
175,35.4379,1915,July,7
176,11.9239,1915,August,8
177,16.1701,1915,September,9
178,13.3508,1915,October,10
179,0.68016,1915,November,11
180,6.75773,1915,December,12
181,20.4452,1916,January,1
182,22.4321,1916,February,2
183,9.38123,1916,March,3
184,38.9866,1916,April,4
185,27.0144,1916,May,5
186,13.7413,1916,June,6
187,53.6625,1916,July,7
188,154.055,1916,August,8
189,26.0831,1916,September,9
190,12.044,1916,October,10
191,0.12818,1916,November,11
192,0.91797,1916,December,12
193,15.2669,1917,January,1
194,3.4687,1917,February,2
195,34.8237,1917,March,3
196,16.7887,1917,April,4
197,20.6214,1917,May,5
198,19.5138,1917,June,6
199,21.9135,1917,July,7
200,105.647,1917,August,8
201,79.48,1917,September,9
202,11.5993,1917,October,10
203,0.10584,1917,November,11
204,18.1581,1917,December,12
205,3.67758,1918,January,1
206,4.3403,1918,February,2
207,52.7667,1918,March,3
208,31.7855,1918,April,4
209,3.40381,1918,May,5
210,16.202,1918,June,6
211,10.716,1918,July,7
212,23.632,1918,August,8
213,12.0347,1918,September,9
214,1.94249,1918,October,10
215,6.6346,1918,November,11
216,36.2052,1918,December,12
217,38.0603,1919,January,1
218,18.1172,1919,February,2
219,27.477,1919,March,3
220,20.9388,1919,April,4
221,10.555,1919,May,5
222,2.64043,1919,June,6
223,69.2101,1919,July,7
224,74.5446,1919,August,8
225,16.1689,1919,September,9
226,1.24296,1919,October,10
227,0.64859,1919,November,11
228,38.828,1919,December,12
229,35.7668,1920,January,1
230,22.6303,1920,February,2
231,36.08,1920,March,3
232,22.3086,1920,April,4
233,16.5041,1920,May,5
234,13.6575,1920,June,6
235,19.9772,1920,July,7
236,16.8843,1920,August,8
237,11.888,1920,September,9
238,1.16082,1920,October,10
239,4.45309,1920,November,11
240,3.59087,1920,December,12
241,9.92568,1921,January,1
242,4.74141,1921,February,2
243,14.8642,1921,March,3
244,16.3766,1921,April,4
245,9.02189,1921,May,5
246,12.5584,1921,June,6
247,72.2176,1921,July,7
248,89.2192,1921,August,8
249,16.9813,1921,September,9
250,9.28153,1921,October,10
251,2.22099,1921,November,11
252,33.1487,1921,December,12
253,18.7877,1922,January,1
254,39.9547,1922,February,2
255,15.9975,1922,March,3
256,8.44737,1922,April,4
257,18.9858,1922,May,5
258,12.9477,1922,June,6
259,29.9843,1922,July,7
260,32.035,1922,August,8
261,43.9223,1922,September,9
262,4.74138,1922,October,10
263,0.19436,1922,November,11
264,15.6486,1922,December,12
265,35.9669,1923,January,1
266,40.3208,1923,February,2
267,23.3626,1923,March,3
268,17.9709,1923,April,4
269,23.7718,1923,May,5
270,4.37135,1923,June,6
271,36.6953,1923,July,7
272,83.1012,1923,August,8
273,7.74047,1923,September,9
274,9.61971,1923,October,10
275,0.5534,1923,November,11
276,9.77863,1923,December,12
277,27.7769,1924,January,1
278,52.4768,1924,February,2
279,18.5206,1924,March,3
280,41.0689,1924,April,4
281,40.4323,1924,May,5
282,1.17319,1924,June,6
283,47.4231,1924,July,7
284,21.8061,1924,August,8
285,46.2479,1924,September,9
286,0.64327,1924,October,10
287,4.09587,1924,November,11
288,41.6146,1924,December,12
289,14.2756,1925,January,1
290,15.1582,1925,February,2
291,9.02434,1925,March,3
292,7.80475,1925,April,4
293,32.2283,1925,May,5
294,16.5857,1925,June,6
295,55.3342,1925,July,7
296,34.2365,1925,August,8
297,16.3121,1925,September,9
298,11.9817,1925,October,10
299,9.60262,1925,November,11
300,0.91499,1925,December,12
301,24.4413,1926,January,1
302,12.882,1926,February,2
303,63.5215,1926,March,3
304,31.4509,1926,April,4
305,20.4858,1926,May,5
306,8.98922,1926,June,6
307,34.713,1926,July,7
308,74.1229,1926,August,8
309,42.7293,1926,September,9
310,0.49156,1926,October,10
311,0.52748,1926,November,11
312,18.7861,1926,December,12
313,13.352,1927,January,1
314,30.2914,1927,February,2
315,20.1701,1927,March,3
316,14.6287,1927,April,4
317,8.23821,1927,May,5
318,8.39599,1927,June,6
319,94.2809,1927,July,7
320,29.1965,1927,August,8
321,13.8769,1927,September,9
322,1.65613,1927,October,10
323,1.01834,1927,November,11
324,42.566,1927,December,12
325,13.1354,1928,January,1
326,34.7922,1928,February,2
327,27.0924,1928,March,3
328,14.9065,1928,April,4
329,3.78452,1928,May,5
330,5.63625,1928,June,6
331,24.1495,1928,July,7
332,37.0993,1928,August,8
333,29.5816,1928,September,9
334,4.76729,1928,October,10
335,19.6052,1928,November,11
336,20.3335,1928,December,12
337,25.9579,1929,January,1
338,18.6647,1929,February,2
339,8.94673,1929,March,3
340,12.8088,1929,April,4
341,10.8868,1929,May,5
342,14.4611,1929,June,6
343,145.618,1929,July,7
344,89.806,1929,August,8
345,3.18438,1929,September,9
346,6.89097,1929,October,10
347,8.4176,1929,November,11
348,22.8815,1929,December,12
349,32.3071,1930,January,1
350,16.2961,1930,February,2
351,16.7301,1930,March,3
352,55.3931,1930,April,4
353,11.4558,1930,May,5
354,15.2333,1930,June,6
355,93.8898,1930,July,7
356,13.0779,1930,August,8
357,19.8918,1930,September,9
358,4.73209,1930,October,10
359,0.9404,1930,November,11
360,3.91869,1930,December,12
361,31.205,1931,January,1
362,52.4215,1931,February,2
363,12.8384,1931,March,3
364,24.4085,1931,April,4
365,26.5103,1931,May,5
366,25.5995,1931,June,6
367,55.9034,1931,July,7
368,42.1351,1931,August,8
369,9.9938,1931,September,9
370,16.0189,1931,October,10
371,3.87184,1931,November,11
372,4.63594,1931,December,12
373,26.7392,1932,January,1
374,10.7904,1932,February,2
375,46.6057,1932,March,3
376,8.74017,1932,April,4
377,10.6746,1932,May,5
378,15.674,1932,June,6
379,113.954,1932,July,7
380,61.3524,1932,August,8
381,4.39812,1932,September,9
382,4.01409,1932,October,10
383,0.43016,1932,November,11
384,12.8274,1932,December,12
385,25.4788,1933,January,1
386,21.9499,1933,February,2
387,39.5348,1933,March,3
388,33.2832,1933,April,4
389,16.7729,1933,May,5
390,16.269,1933,June,6
391,75.3341,1933,July,7
392,102.081,1933,August,8
393,23.0784,1933,September,9
394,3.98831,1933,October,10
395,2.72915,1933,November,11
396,14.1313,1933,December,12
397,19.2027,1934,January,1
398,14.1642,1934,February,2
399,31.5287,1934,March,3
400,31.4163,1934,April,4
401,17.8854,1934,May,5
402,16.6664,1934,June,6
403,26.888,1934,July,7
404,83.3958,1934,August,8
405,9.9666,1934,September,9
406,2.8108,1934,October,10
407,2.35865,1934,November,11
408,16.5685,1934,December,12
409,50.2232,1935,January,1
410,55.8465,1935,February,2
411,23.9489,1935,March,3
412,58.9393,1935,April,4
413,10.5603,1935,May,5
414,10.4809,1935,June,6
415,43.4936,1935,July,7
416,42.2543,1935,August,8
417,14.5429,1935,September,9
418,8.22242,1935,October,10
419,8.05263,1935,November,11
420,2.97032,1935,December,12
421,17.1451,1936,January,1
422,57.0899,1936,February,2
423,38.0715,1936,March,3
424,18.2543,1936,April,4
425,27.1927,1936,May,5
426,27.4385,1936,June,6
427,25.6255,1936,July,7
428,19.6528,1936,August,8
429,15.4076,1936,September,9
430,5.47314,1936,October,10
431,12.3342,1936,November,11
432,16.3721,1936,December,12
433,20.7952,1937,January,1
434,57.7165,1937,February,2
435,32.6619,1937,March,3
436,47.3676,1937,April,4
437,7.45861,1937,May,5
438,5.52735,1937,June,6
439,97.1825,1937,July,7
440,2.46915,1937,August,8
441,16.3548,1937,September,9
442,8.56207,1937,October,10
443,2.07194,1937,November,11
444,17.0892,1937,December,12
445,52.7538,1938,January,1
446,23.2189,1938,February,2
447,20.393,1938,March,3
448,24.7071,1938,April,4
449,3.56816,1938,May,5
450,32.8899,1938,June,6
451,48.888,1938,July,7
452,38.309,1938,August,8
453,2.96804,1938,September,9
454,3.88538,1938,October,10
455,2.05724,1938,November,11
456,16.8484,1938,December,12
457,21.8429,1939,January,1
458,76.0329,1939,February,2
459,64.9968,1939,March,3
460,33.474,1939,April,4
461,5.93996,1939,May,5
462,7.81959,1939,June,6
463,19.9689,1939,July,7
464,16.0148,1939,August,8
465,5.5909,1939,September,9
466,8.54513,1939,October,10
467,1.50351,1939,November,11
468,8.10614,1939,December,12
469,43.1928,1940,January,1
470,30.6731,1940,February,2
471,26.4761,1940,March,3
472,19.2397,1940,April,4
473,21.4832,1940,May,5
474,35.6621,1940,June,6
475,18.5754,1940,July,7
476,35.6084,1940,August,8
477,9.7331,1940,September,9
478,3.70525,1940,October,10
479,4.16205,1940,November,11
480,7.2564,1940,December,12
481,18.3481,1941,January,1
482,12.1747,1941,February,2
483,24.0993,1941,March,3
484,32.6426,1941,April,4
485,9.43239,1941,May,5
486,8.50974,1941,June,6
487,45.81,1941,July,7
488,21.0318,1941,August,8
489,20.3119,1941,September,9
490,2.53545,1941,October,10
491,3.01371,1941,November,11
492,15.7911,1941,December,12
493,55.169,1942,January,1
494,53.9409,1942,February,2
495,19.6547,1942,March,3
496,19.7194,1942,April,4
497,38.4209,1942,May,5
498,31.0639,1942,June,6
499,101.84,1942,July,7
500,37.0677,1942,August,8
501,22.0441,1942,September,9
502,5.03011,1942,October,10
503,4.25811,1942,November,11
504,26.4945,1942,December,12
505,58.2901,1943,January,1
506,5.57775,1943,February,2
507,26.7344,1943,March,3
508,34.1384,1943,April,4
509,23.3824,1943,May,5
510,10.1402,1943,June,6
511,46.4736,1943,July,7
512,29.4262,1943,August,8
513,15.7967,1943,September,9
514,3.90013,1943,October,10
515,2.2677,1943,November,11
516,3.62004,1943,December,12
517,48.1277,1944,January,1
518,64.9179,1944,February,2
519,38.2779,1944,March,3
520,31.2336,1944,April,4
521,8.14759,1944,May,5
522,9.37007,1944,June,6
523,98.6377,1944,July,7
524,136.962,1944,August,8
525,15.0417,1944,September,9
526,5.54882,1944,October,10
527,8.30947,1944,November,11
528,29.7959,1944,December,12
529,38.8791,1945,January,1
530,11.7038,1945,February,2
531,24.6168,1945,March,3
532,34.16,1945,April,4
533,12.045,1945,May,5
534,25.523,1945,June,6
535,106.458,1945,July,7
536,38.081,1945,August,8
537,24.0178,1945,September,9
538,5.61034,1945,October,10
539,4.99154,1945,November,11
540,12.0397,1945,December,12
541,14.8902,1946,January,1
542,26.0587,1946,February,2
543,13.9942,1946,March,3
544,5.6812,1946,April,4
545,5.64115,1946,May,5
546,12.3442,1946,June,6
547,26.171,1946,July,7
548,77.1827,1946,August,8
549,4.63755,1946,September,9
550,8.7803,1946,October,10
551,5.09657,1946,November,11
552,11.3736,1946,December,12
553,31.4211,1947,January,1
554,30.8748,1947,February,2
555,19.6091,1947,March,3
556,3.89161,1947,April,4
557,17.1172,1947,May,5
558,8.28901,1947,June,6
559,22.0234,1947,July,7
560,46.1195,1947,August,8
561,21.2747,1947,September,9
562,4.27195,1947,October,10
563,5.62064,1947,November,11
564,15.2268,1947,December,12
565,11.4407,1948,January,1
566,42.7869,1948,February,2
567,48.0123,1948,March,3
568,25.1017,1948,April,4
569,9.07401,1948,May,5
570,18.8198,1948,June,6
571,79.8786,1948,July,7
572,44.5498,1948,August,8
573,11.1338,1948,September,9
574,2.6953,1948,October,10
575,3.45944,1948,November,11
576,24.9507,1948,December,12
577,14.5772,1949,January,1
578,20.9185,1949,February,2
579,36.7155,1949,March,3
580,11.7593,1949,April,4
581,8.48725,1949,May,5
582,18.1381,1949,June,6
583,51.3335,1949,July,7
584,57.3926,1949,August,8
585,17.4278,1949,September,9
586,2.99065,1949,October,10
587,2.05416,1949,November,11
588,6.46054,1949,December,12
589,60.4773,1950,January,1
590,22.0462,1950,February,2
591,31.9527,1950,March,3
592,26.4562,1950,April,4
593,13.0833,1950,May,5
594,7.0361,1950,June,6
595,62.3368,1950,July,7
596,49.0711,1950,August,8
597,29.9903,1950,September,9
598,2.67137,1950,October,10
599,3.13984,1950,November,11
600,0.80213,1950,December,12
601,17.9641,1951,January,1
602,26.1026,1951,February,2
603,44.9662,1951,March,3
604,24.8592,1951,April,4
605,25.6118,1951,May,5
606,10.9358,1951,June,6
607,23.8066,1951,July,7
608,46.0951,1951,August,8
609,4.32737,1951,September,9
610,6.10609,1951,October,10
611,9.85755,1951,November,11
612,5.62371,1951,December,12
613,21.8835,1952,January,1
614,28.4677,1952,February,2
615,24.2076,1952,March,3
616,14.6128,1952,April,4
617,7.56766,1952,May,5
618,12.9089,1952,June,6
619,54.0252,1952,July,7
620,25.8742,1952,August,8
621,6.00208,1952,September,9
622,1.33603,1952,October,10
623,1.9862,1952,November,11
624,16.6618,1952,December,12
625,25.7333,1953,January,1
626,24.2772,1953,February,2
627,20.904,1953,March,3
628,20.1409,1953,April,4
629,15.874,1953,May,5
630,22.1359,1953,June,6
631,47.3657,1953,July,7
632,77.7919,1953,August,8
633,21.0016,1953,September,9
634,10.7566,1953,October,10
635,4.32299,1953,November,11
636,13.8055,1953,December,12
637,48.7824,1954,January,1
638,65.4074,1954,February,2
639,22.7319,1954,March,3
640,18.5023,1954,April,4
641,10.2821,1954,May,5
642,10.5167,1954,June,6
643,30.5518,1954,July,7
644,21.8322,1954,August,8
645,44.9608,1954,September,9
646,8.41373,1954,October,10
647,4.24445,1954,November,11
648,3.28068,1954,December,12
649,28.8648,1955,January,1
650,8.44112,1955,February,2
651,47.2041,1955,March,3
652,8.48304,1955,April,4
653,27.4975,1955,May,5
654,7.20499,1955,June,6
655,27.3777,1955,July,7
656,80.6127,1955,August,8
657,36.0226,1955,September,9
658,7.40846,1955,October,10
659,1.07598,1955,November,11
660,16.6018,1955,December,12
661,35.4311,1956,January,1
662,19.7688,1956,February,2
663,58.4752,1956,March,3
664,34.3327,1956,April,4
665,1.72454,1956,May,5
666,35.6324,1956,June,6
667,125.533,1956,July,7
668,74.6565,1956,August,8
669,11.0303,1956,September,9
670,20.6457,1956,October,10
671,1.66882,1956,November,11
672,13.0949,1956,December,12
673,62.0862,1957,January,1
674,14.6322,1957,February,2
675,36.6081,1957,March,3
676,51.9199,1957,April,4
677,25.8923,1957,May,5
678,17.1486,1957,June,6
679,25.4085,1957,July,7
680,43.4475,1957,August,8
681,7.64757,1957,September,9
682,15.6489,1957,October,10
683,24.461,1957,November,11
684,32.3778,1957,December,12
685,25.5363,1958,January,1
686,9.44109,1958,February,2
687,16.1792,1958,March,3
688,14.091,1958,April,4
689,12.7986,1958,May,5
690,10.9512,1958,June,6
691,56.858,1958,July,7
692,22.5712,1958,August,8
693,31.8638,1958,September,9
694,3.9729,1958,October,10
695,7.80382,1958,November,11
696,54.5402,1958,December,12
697,38.2175,1959,January,1
698,36.426,1959,February,2
699,25.3104,1959,March,3
700,24.9713,1959,April,4
701,32.536,1959,May,5
702,6.17998,1959,June,6
703,109.908,1959,July,7
704,45.5721,1959,August,8
705,32.8209,1959,September,9
706,8.68935,1959,October,10
707,26.1542,1959,November,11
708,17.4243,1959,December,12
709,12.8881,1960,January,1
710,15.5501,1960,February,2
711,48.0119,1960,March,3
712,31.719,1960,April,4
713,13.5125,1960,May,5
714,8.61772,1960,June,6
715,61.681,1960,July,7
716,35.7771,1960,August,8
717,16.0049,1960,September,9
718,1.14299,1960,October,10
719,4.96186,1960,November,11
720,25.758,1960,December,12
721,33.4807,1961,January,1
722,30.3129,1961,February,2
723,15.4388,1961,March,3
724,39.9794,1961,April,4
725,13.8821,1961,May,5
726,23.489,1961,June,6
727,89.9002,1961,July,7
728,46.2971,1961,August,8
729,36.5446,1961,September,9
730,10.0553,1961,October,10
731,9.28469,1961,November,11
732,11.5446,1961,December,12
733,6.7844,1962,January,1
734,18.7275,1962,February,2
735,26.4647,1962,March,3
736,23.2086,1962,April,4
737,15.4038,1962,May,5
738,10.9828,1962,June,6
739,42.9007,1962,July,7
740,46.8747,1962,August,8
741,39.7279,1962,September,9
742,4.00006,1962,October,10
743,10.1943,1962,November,11
744,22.3324,1962,December,12
745,0.99773,1963,January,1
746,16.2037,1963,February,2
747,41.6322,1963,March,3
748,34.1661,1963,April,4
749,35.0543,1963,May,5
750,5.55861,1963,June,6
751,20.415,1963,July,7
752,27.7805,1963,August,8
753,12.5937,1963,September,9
754,3.932,1963,October,10
755,15.3882,1963,November,11
756,12.4367,1963,December,12
757,37.9169,1964,January,1
758,20.617,1964,February,2
759,20.0103,1964,March,3
760,23.3933,1964,April,4
761,10.9025,1964,May,5
762,18.5588,1964,June,6
763,80.9339,1964,July,7
764,56.2686,1964,August,8
765,16.0849,1964,September,9
766,2.10298,1964,October,10
767,1.39828,1964,November,11
768,13.8485,1964,December,12
769,26.2428,1965,January,1
770,24.945,1965,February,2
771,22.0791,1965,March,3
772,59.2074,1965,April,4
773,26.2274,1965,May,5
774,5.02491,1965,June,6
775,64.3407,1965,July,7
776,31.0305,1965,August,8
777,5.04816,1965,September,9
778,8.17512,1965,October,10
779,10.6557,1965,November,11
780,10.4383,1965,December,12
781,1.15251,1966,January,1
782,45.5543,1966,February,2
783,40.4243,1966,March,3
784,33.1559,1966,April,4
785,13.2614,1966,May,5
786,14.1281,1966,June,6
787,45.8264,1966,July,7
788,34.1948,1966,August,8
789,22.35,1966,September,9
790,17.0328,1966,October,10
791,0.5548,1966,November,11
792,2.9438,1966,December,12
793,4.27492,1967,January,1
794,30.2195,1967,February,2
795,62.6848,1967,March,3
796,24.4783,1967,April,4
797,23.5003,1967,May,5
798,8.45779,1967,June,6
799,62.1139,1967,July,7
800,71.5948,1967,August,8
801,17.6735,1967,September,9
802,11.9856,1967,October,10
803,6.90142,1967,November,11
804,49.9924,1967,December,12
805,26.3102,1968,January,1
806,29.1857,1968,February,2
807,21.337,1968,March,3
808,17.1485,1968,April,4
809,20.1009,1968,May,5
810,7.3359,1968,June,6
811,28.9279,1968,July,7
812,35.353,1968,August,8
813,1.11097,1968,September,9
814,8.97746,1968,October,10
815,6.29921,1968,November,11
816,13.9851,1968,December,12
817,14.0873,1969,January,1
818,24.9438,1969,February,2
819,20.4253,1969,March,3
820,31.7132,1969,April,4
821,19.819,1969,May,5
822,9.63631,1969,June,6
823,54.8043,1969,July,7
824,19.5314,1969,August,8
825,12.1516,1969,September,9
826,13.014,1969,October,10
827,3.01573,1969,November,11
828,1.45074,1969,December,12
829,30.5653,1970,January,1
830,27.1291,1970,February,2
831,33.5164,1970,March,3
832,15.5043,1970,April,4
833,8.93951,1970,May,5
834,16.5579,1970,June,6
835,46.0735,1970,July,7
836,77.46,1970,August,8
837,40.3373,1970,September,9
838,8.65626,1970,October,10
839,0.47082,1970,November,11
840,4.07001,1970,December,12
841,7.24127,1971,January,1
842,21.513,1971,February,2
843,10.804,1971,March,3
844,16.0094,1971,April,4
845,11.8274,1971,May,5
846,21.4284,1971,June,6
847,44.4069,1971,July,7
848,40.7991,1971,August,8
849,20.2732,1971,September,9
850,1.70755,1971,October,10
851,2.06759,1971,November,11
852,6.26838,1971,December,12
853,34.7957,1972,January,1
854,19.8263,1972,February,2
855,38.6696,1972,March,3
856,22.1973,1972,April,4
857,21.5096,1972,May,5
858,22.1459,1972,June,6
859,35.143,1972,July,7
860,29.401,1972,August,8
861,16.0654,1972,September,9
862,5.55106,1972,October,10
863,6.4597,1972,November,11
864,23.3174,1972,December,12
865,28.3193,1973,January,1
866,22.0498,1973,February,2
867,35.0366,1973,March,3
868,18.082,1973,April,4
869,20.5587,1973,May,5
870,6.31663,1973,June,6
871,83.0911,1973,July,7
872,67.0669,1973,August,8
873,19.8524,1973,September,9
874,3.33128,1973,October,10
875,0.56221,1973,November,11
876,13.3079,1973,December,12
877,20.4081,1974,January,1
878,34.12,1974,February,2
879,12.4535,1974,March,3
880,15.064,1974,April,4
881,15.8986,1974,May,5
882,20.848,1974,June,6
883,41.7686,1974,July,7
884,23.2534,1974,August,8
885,11.2464,1974,September,9
886,1.70523,1974,October,10
887,0.89974,1974,November,11
888,15.6551,1974,December,12
889,26.8503,1975,January,1
890,28.4211,1975,February,2
891,31.389,1975,March,3
892,22.3481,1975,April,4
893,18.8292,1975,May,5
894,26.2635,1975,June,6
895,63.3042,1975,July,7
896,96.6574,1975,August,8
897,37.3772,1975,September,9
898,4.14299,1975,October,10
899,2.73393,1975,November,11
900,7.69655,1975,December,12
901,26.6401,1976,January,1
902,48.1633,1976,February,2
903,51.7926,1976,March,3
904,22.9631,1976,April,4
905,8.51641,1976,May,5
906,21.235,1976,June,6
907,68.3295,1976,July,7
908,97.656,1976,August,8
909,45.7423,1976,September,9
910,8.08338,1976,October,10
911,1.36519,1976,November,11
912,3.35015,1976,December,12
913,44.242,1977,January,1
914,3.8353,1977,February,2
915,5.09658,1977,March,3
916,27.2329,1977,April,4
917,15.1775,1977,May,5
918,31.0969,1977,June,6
919,74.8961,1977,July,7
920,35.1519,1977,August,8
921,28.696,1977,September,9
922,8.94343,1977,October,10
923,9.8938,1977,November,11
924,10.9998,1977,December,12
925,19.7925,1978,January,1
926,16.6293,1978,February,2
927,46.6385,1978,March,3
928,16.4415,1978,April,4
929,8.48169,1978,May,5
930,21.2366,1978,June,6
931,148.121,1978,July,7
932,59.1608,1978,August,8
933,14.4293,1978,September,9
934,1.69246,1978,October,10
935,17.3604,1978,November,11
936,3.57629,1978,December,12
937,29.7768,1979,January,1
938,43.3052,1979,February,2
939,47.1193,1979,March,3
940,28.4061,1979,April,4
941,20.4325,1979,May,5
942,12.1849,1979,June,6
943,25.5854,1979,July,7
944,66.4542,1979,August,8
945,16.4189,1979,September,9
946,4.78184,1979,October,10
947,11.4957,1979,November,11
948,22.4665,1979,December,12
949,19.0035,1980,January,1
950,29.9826,1980,February,2
951,43.5235,1980,March,3
952,9.2615,1980,April,4
953,12.7197,1980,May,5
954,30.0792,1980,June,6
955,62.1531,1980,July,7
956,34.2454,1980,August,8
957,19.0816,1980,September,9
958,12.7277,1980,October,10
959,10.2885,1980,November,11
960,15.6931,1980,December,12
961,30.6463,1981,January,1
962,32.1889,1981,February,2
963,66.5952,1981,March,3
964,27.3013,1981,April,4
965,17.4683,1981,May,5
966,8.78363,1981,June,6
967,84.8033,1981,July,7
968,38.2932,1981,August,8
969,5.45379,1981,September,9
970,9.53868,1981,October,10
971,7.23586,1981,November,11
972,3.2328,1981,December,12
973,26.7045,1982,January,1
974,43.8462,1982,February,2
975,69.4212,1982,March,3
976,26.6146,1982,April,4
977,28.7386,1982,May,5
978,5.91588,1982,June,6
979,29.9389,1982,July,7
980,58.7005,1982,August,8
981,5.01978,1982,September,9
982,20.175,1982,October,10
983,24.0141,1982,November,11
984,27.1344,1982,December,12
985,19.3975,1983,January,1
986,27.558,1983,February,2
987,40.6978,1983,March,3
988,56.5685,1983,April,4
989,26.2521,1983,May,5
990,13.9626,1983,June,6
991,58.5618,1983,July,7
992,105.788,1983,August,8
993,15.65,1983,September,9
994,5.69994,1983,October,10
995,0.92442,1983,November,11
996,8.60111,1983,December,12
997,7.77251,1984,January,1
998,17.4694,1984,February,2
999,26.3116,1984,March,3
1000,22.372,1984,April,4
1001,13.4199,1984,May,5
1002,11.7076,1984,June,6
1003,52.6636,1984,July,7
1004,80.2843,1984,August,8
1005,28.9083,1984,September,9
1006,1.63675,1984,October,10
1007,6.73564,1984,November,11
1008,12.675,1984,December,12
1009,16.1033,1985,January,1
1010,4.97319,1985,February,2
1011,12.0366,1985,March,3
1012,35.0544,1985,April,4
1013,13.6178,1985,May,5
1014,7.46966,1985,June,6
1015,57.1505,1985,July,7
1016,54.7685,1985,August,8
1017,4.22109,1985,September,9
1018,8.75089,1985,October,10
1019,1.67728,1985,November,11
1020,33.702,1985,December,12
1021,5.4159,1986,January,1
1022,37.8958,1986,February,2
1023,42.6173,1986,March,3
1024,23.7822,1986,April,4
1025,16.0415,1986,May,5
1026,23.4765,1986,June,6
1027,47.7411,1986,July,7
1028,94.5262,1986,August,8
1029,9.89575,1986,September,9
1030,4.42194,1986,October,10
1031,25.3839,1986,November,11
1032,18.2096,1986,December,12
1033,5.30938,1987,January,1
1034,29.1888,1987,February,2
1035,54.0587,1987,March,3
1036,21.1257,1987,April,4
1037,30.0705,1987,May,5
1038,25.6525,1987,June,6
1039,19.9808,1987,July,7
1040,23.3548,1987,August,8
1041,3.8747,1987,September,9
1042,23.0345,1987,October,10
1043,0.29129,1987,November,11
1044,3.28792,1987,December,12
1045,19.4444,1988,January,1
1046,17.2945,1988,February,2
1047,53.0401,1988,March,3
1048,8.47749,1988,April,4
1049,3.33549,1988,May,5
1050,17.9278,1988,June,6
1051,100.4,1988,July,7
1052,57.4279,1988,August,8
1053,23.7982,1988,September,9
1054,3.53334,1988,October,10
1055,0.71824,1988,November,11
1056,17.8356,1988,December,12
1057,16.5354,1989,January,1
1058,12.2605,1989,February,2
1059,41.2204,1989,March,3
1060,9.66336,1989,April,4
1061,14.575,1989,May,5
1062,14.3944,1989,June,6
1063,111.255,1989,July,7
1064,48.2808,1989,August,8
1065,12.1511,1989,September,9
1066,3.13078,1989,October,10
1067,8.06886,1989,November,11
1068,23.0545,1989,December,12
1069,37.5664,1990,January,1
1070,57.1569,1990,February,2
1071,35.7753,1990,March,3
1072,17.4093,1990,April,4
1073,12.065,1990,May,5
1074,10.1119,1990,June,6
1075,27.8177,1990,July,7
1076,100.131,1990,August,8
1077,39.8935,1990,September,9
1078,5.64027,1990,October,10
1079,3.57717,1990,November,11
1080,39.7687,1990,December,12
1081,23.5797,1991,January,1
1082,42.6492,1991,February,2
1083,42.4584,1991,March,3
1084,43.043,1991,April,4
1085,26.5375,1991,May,5
1086,10.7911,1991,June,6
1087,20.3078,1991,July,7
1088,33.49,1991,August,8
1089,30.1148,1991,September,9
1090,2.17714,1991,October,10
1091,4.33636,1991,November,11
1092,9.12149,1991,December,12
1093,53.9661,1992,January,1
1094,29.1195,1992,February,2
1095,38.7504,1992,March,3
1096,40.764,1992,April,4
1097,23.8701,1992,May,5
1098,5.56877,1992,June,6
1099,54.8721,1992,July,7
1100,69.1804,1992,August,8
1101,28.7059,1992,September,9
1102,12.1746,1992,October,10
1103,7.92377,1992,November,11
1104,13.6849,1992,December,12
1105,29.6088,1993,January,1
1106,15.8378,1993,February,2
1107,32.1792,1993,March,3
1108,19.6552,1993,April,4
1109,15.3862,1993,May,5
1110,19.6844,1993,June,6
1111,73.2203,1993,July,7
1112,11.8972,1993,August,8
1113,18.1405,1993,September,9
1114,2.95508,1993,October,10
1115,9.43055,1993,November,11
1116,0.80544,1993,December,12
1117,19.5592,1994,January,1
1118,29.1929,1994,February,2
1119,23.597,1994,March,3
1120,26.8942,1994,April,4
1121,19.8453,1994,May,5
1122,21.5863,1994,June,6
1123,116.973,1994,July,7
1124,83.9455,1994,August,8
1125,42.8355,1994,September,9
1126,10.3939,1994,October,10
1127,3.08639,1994,November,11
1128,25.3666,1994,December,12
1129,9.26441,1995,January,1
1130,30.1864,1995,February,2
1131,23.1022,1995,March,3
1132,44.2381,1995,April,4
1133,11.1759,1995,May,5
1134,15.1367,1995,June,6
1135,97.9396,1995,July,7
1136,58.5468,1995,August,8
1137,21.9999,1995,September,9
1138,14.0496,1995,October,10
1139,5.24833,1995,November,11
1140,21.7521,1995,December,12
1141,27.9485,1996,January,1
1142,40.7236,1996,February,2
1143,44.5704,1996,March,3
1144,24.3362,1996,April,4
1145,33.005,1996,May,5
1146,45.5516,1996,June,6
1147,37.5503,1996,July,7
1148,54.5763,1996,August,8
1149,13.2122,1996,September,9
1150,11.4699,1996,October,10
1151,3.83853,1996,November,11
1152,5.86822,1996,December,12
1153,23.2765,1997,January,1
1154,5.92436,1997,February,2
1155,38.9486,1997,March,3
1156,39.8522,1997,April,4
1157,18.4543,1997,May,5
1158,32.5392,1997,June,6
1159,61.0494,1997,July,7
1160,84.8412,1997,August,8
1161,11.9138,1997,September,9
1162,28.5444,1997,October,10
1163,8.86339,1997,November,11
1164,13.9214,1997,December,12
1165,32.6726,1998,January,1
1166,39.6264,1998,February,2
1167,37.2368,1998,March,3
1168,31.8033,1998,April,4
1169,21.8943,1998,May,5
1170,25.044,1998,June,6
1171,49.0101,1998,July,7
1172,28.9697,1998,August,8
1173,23.637,1998,September,9
1174,9.91221,1998,October,10
1175,0.16185,1998,November,11
1176,0.94575,1998,December,12
1177,32.9247,1999,January,1
1178,36.1811,1999,February,2
1179,23.3168,1999,March,3
1180,18.1675,1999,April,4
1181,9.97722,1999,May,5
1182,9.80438,1999,June,6
1183,38.2667,1999,July,7
1184,45.1223,1999,August,8
1185,19.1532,1999,September,9
1186,6.80608,1999,October,10
1187,13.6544,1999,November,11
1188,0.24637,1999,December,12
1189,19.311,2000,January,1
1190,14.2357,2000,February,2
1191,8.70368,2000,March,3
1192,3.96081,2000,April,4
1193,7.20656,2000,May,5
1194,16.5511,2000,June,6
1195,57.1515,2000,July,7
1196,32.6807,2000,August,8
1197,18.3118,2000,September,9
1198,3.36167,2000,October,10
1199,4.03651,2000,November,11
1200,6.28593,2000,December,12
1201,3.98006,2001,January,1
1202,7.90859,2001,February,2
1203,16.1858,2001,March,3
1204,21.0362,2001,April,4
1205,9.71545,2001,May,5
1206,42.8297,2001,June,6
1207,70.3518,2001,July,7
1208,28.1631,2001,August,8
1209,12.5674,2001,September,9
1210,2.88224,2001,October,10
1211,11.1675,2001,November,11
1212,7.07034,2001,December,12
1213,8.26817,2002,January,1
1214,24.8489,2002,February,2
1215,23.0497,2002,March,3
1216,20.2869,2002,April,4
1217,10.8048,2002,May,5
1218,25.2618,2002,June,6
1219,11.4863,2002,July,7
1220,34.2267,2002,August,8
1221,23.8329,2002,September,9
1222,4.25136,2002,October,10
1223,9.99053,2002,November,11
1224,13.1605,2002,December,12
1225,12.9862,2003,January,1
1226,62.8046,2003,February,2
1227,31.7944,2003,March,3
1228,23.1098,2003,April,4
1229,20.0575,2003,May,5
1230,13.7782,2003,June,6
1231,106.583,2003,July,7
1232,67.9582,2003,August,8
1233,25.9643,2003,September,9
1234,4.65043,2003,October,10
1235,8.94368,2003,November,11
1236,7.45678,2003,December,12
1237,41.6249,2004,January,1
1238,15.2825,2004,February,2
1239,5.57348,2004,March,3
1240,25.9202,2004,April,4
1241,13.1468,2004,May,5
1242,19.4183,2004,June,6
1243,23.6964,2004,July,7
1244,55.6869,2004,August,8
1245,15.1627,2004,September,9
1246,13.4192,2004,October,10
1247,4.30319,2004,November,11
1248,24.4978,2004,December,12
1249,37.2572,2005,January,1
1250,58.6492,2005,February,2
1251,40.9373,2005,March,3
1252,21.9531,2005,April,4
1253,27.8063,2005,May,5
1254,7.38339,2005,June,6
1255,56.0509,2005,July,7
1256,27.6218,2005,August,8
1257,28.3787,2005,September,9
1258,5.59639,2005,October,10
1259,8.06399,2005,November,11
1260,3.99261,2005,December,12
1261,28.5383,2006,January,1
1262,15.7051,2006,February,2
1263,27.5402,2006,March,3
1264,13.3447,2006,April,4
1265,9.25805,2006,May,5
1266,19.7032,2006,June,6
1267,56.8962,2006,July,7
1268,92.8018,2006,August,8
1269,29.8866,2006,September,9
1270,9.6685,2006,October,10
1271,18.3344,2006,November,11
1272,43.9717,2006,December,12
1273,3.0348,2007,January,1
1274,49.8075,2007,February,2
1275,63.3527,2007,March,3
1276,10.1817,2007,April,4
1277,10.8274,2007,May,5
1278,37.8191,2007,June,6
1279,60.6515,2007,July,7
1280,42.5053,2007,August,8
1281,28.5902,2007,September,9
1282,0.73853,2007,October,10
1283,2.19563,2007,November,11
1284,8.77559,2007,December,12
1285,43.5298,2008,January,1
1286,13.6756,2008,February,2
1287,2.83751,2008,March,3
1288,37.4197,2008,April,4
1289,16.6802,2008,May,5
1290,26.2055,2008,June,6
1291,48.5093,2008,July,7
1292,90.4538,2008,August,8
1293,18.479,2008,September,9
1294,6.49189,2008,October,10
1295,4.59947,2008,November,11
1296,28.3541,2008,December,12
1297,34.3593,2009,January,1
1298,33.2747,2009,February,2
1299,28.2929,2009,March,3
1300,33.3443,2009,April,4
1301,11.2742,2009,May,5
1302,18.2574,2009,June,6
1303,50.6734,2009,July,7
1304,30.7856,2009,August,8
1305,15.1353,2009,September,9
1306,3.9578,2009,October,10
1307,6.9783,2009,November,11
1308,16.272,2009,December,12
1309,9.37983,2010,January,1
1310,31.8993,2010,February,2
1311,20.63,2010,March,3
1312,16.3773,2010,April,4
1313,23.014,2010,May,5
1314,25.6214,2010,June,6
1315,105.22,2010,July,7
1316,113.186,2010,August,8
1317,30.6715,2010,September,9
1318,4.11534,2010,October,10
1319,1.60891,2010,November,11
1320,3.23522,2010,December,12
1321,11.1674,2011,January,1
1322,58.0763,2011,February,2
1323,30.0545,2011,March,3
1324,28.063,2011,April,4
1325,10.2389,2011,May,5
1326,16.105,2011,June,6
1327,37.5047,2011,July,7
1328,80.6547,2011,August,8
1329,31.7056,2011,September,9
1330,8.60502,2011,October,10
1331,6.73557,2011,November,11
1332,2.56967,2011,December,12
1333,21.7436,2012,January,1
1334,19.6736,2012,February,2
1335,22.278,2012,March,3
1336,34.6903,2012,April,4
1337,13.0843,2012,May,5
1338,7.12074,2012,June,6
1339,26.7597,2012,July,7
1340,45.5465,2012,August,8
1341,51.5706,2012,September,9
1342,6.17664,2012,October,10
1343,3.56023,2012,November,11
1344,21.8186,2012,December,12
1345,12.3896,2013,January,1
1346,46.5909,2013,February,2
1347,53.8636,2013,March,3
1348,33.5154,2013,April,4
1349,7.84502,2013,May,5
1350,37.7994,2013,June,6
1351,45.7747,2013,July,7
1352,72.268,2013,August,8
1353,16.0794,2013,September,9
1354,8.1558,2013,October,10
1355,13.5567,2013,November,11
1356,2.00393,2013,December,12
1357,11.4887,2014,January,1
1358,22.7004,2014,February,2
1359,55.8119,2014,March,3
1360,36.274,2014,April,4
1361,20.0702,2014,May,5
1362,11.8501,2014,June,6
1363,30.8147,2014,July,7
1364,30.2337,2014,August,8
1365,35.8764,2014,September,9
1366,9.75995,2014,October,10
1367,10.1953,2014,November,11
1368,0.41147,2014,December,12
1369,16.3651,2015,January,1
1370,30.9235,2015,February,2
1371,70.0159,2015,March,3
1372,34.0755,2015,April,4
1373,19.6929,2015,May,5
1374,28.986,2015,June,6
1375,72.6114,2015,July,7
1376,69.5808,2015,August,8
1377,26.1938,2015,September,9
1378,14.1419,2015,October,10
1379,9.09601,2015,November,11
1380,6.00726,2015,December,12
1381,16.1749,2016,January,1
1382,8.36436,2016,February,2
1383,57.6948,2016,March,3
1384,20.2518,2016,April,4
1385,18.1856,2016,May,5
1386,23.6518,2016,June,6
1387,56.4818,2016,July,7
1388,60.6061,2016,August,8
1389,13.7694,2016,September,9
1390,1.07552,2016,October,10
1391,2.8848,2016,November,11
1392,7.82298,2016,December,12
